symbol,market_cap_cr
RELIANCE,1781549.9
HDFCBANK,1225937.1
BHARTIARTL,1154089.4
ICICIBANK,994845.3
SBIN,964784.1
TCS,758314.9
BAJFINANCE,610222.4
LT,578069.6
LICI,535411.0
HINDUNILVR,511506.0
SUNPHARMA,446636.2
ADANIPOWER,441812.4
MARUTI,432397.9
AXISBANK,428398.6
INFY,422262.7
ADANIENT,417125.4
ADANIPORTS,413560.7
KOTAKBANK,407556.4
M&M,382478.8
TITAN,380542.4
ITC,363354.6
NTPC,341807.5
ULTRACEMCO,336971.3
JSWSTEEL,300539.0
BEL,298604.5
HCLTECH,297769.6
ONGC,293309.2
HAL,291853.4
BAJAJFINSV,282440.4
DMART,280413.6
BAJAJ-AUTO,275082.7
NESTLEIND,271853.8
COALINDIA,268479.3
POWERGRID,264602.2
ASIANPAINT,253082.1
ADANIGREEN,251342.6
SHRIRAMFIN,242538.5
TATASTEEL,235219.1
ETERNAL,234444.2
HINDZINC,219230.7
HINDALCO,212881.8
GRASIM,212261.3
INDIGO,211192.3
EICHERMOT,208618.1
IOC,203261.1
WIPRO,183698.2
ADANIENSOL,180913.2
DIVISLAB,177863.9
SBILIFE,174764.5
VAML,172954.1
VBL,171516.2
TRENT,171402.2
TVSMOTOR,170035.9
ICICIAMC,163846.7
PIDILITIND,162416.6
MOTHERSON,159916.7
HYUNDAI,159745.6
TMCV,159083.5
JIOFIN,157815.1
SOLARINDS,157733.2
BSE,157375.0
CUMMINSIND,156618.0
DLF,153964.4
CHOLAFIN,153465.6
TATACAP,153023.8
TORNTPHARM,152970.6
IDEA,152222.0
POWERINDIA,151501.5
CGPOWER,148347.3
ABB,147848.5
BANKBARODA,144539.6
POLYCAB,143877.7
PFC,143026.4
BHEL,139996.4
UNIONBANK,133252.2
BPCL,132407.4
ENRIN,131052.4
TMPV,129847.9
SIEMENS,129378.6
GVT&D,129303.5
TECHM,127531.8
HDFCLIFE,127014.8
BRITANNIA,126094.6
TATAPOWER,124154.9
PNB,124020.4
GROWW,123583.9
APOLLOHOSP,123439.1
MUTHOOTFIN,121392.0
IRFC,119877.4
BOSCHLTD,119754.2
BAJAJHLDNG,118249.4
CANBK,117256.3
CIPLA,116265.1
GMRAIRPORT,114596.6
HDFCAMC,113721.7
GAIL,113689.7
INDIANB,112471.5
DRREDDY,112374.2
TATACONSUM,111978.4
LTM,111528.7
ZYDUSLIFE,109924.9
MAXHEALTH,109285.5
JINDALSTEL,107955.5
LUPIN,107381.1
ABCAPITAL,107153.5
MARICO,107104.9
VEDL,106757.3
LGEINDIA,106601.2
GODREJCP,106028.6
AMBUJACEM,105356.3
JSWENERGY,105032.1
INDUSTOWER,103892.1
INDHOTEL,102771.8
BHARATFORG,102550.0
MANKIND,101679.6
UNITDSPR,100810.5
MAZDOCK,99372.7
HEROMOTOCO,98219.6
LLOYDSME,97056.6
RECLTD,95954.7
OFSS,95387.5
LODHA,94887.0
ASHOKLEY,94639.5
SHREECEM,92962.0
IDBI,92470.7
ICICIGI,90862.5
AUROPHARMA,89448.3
LENSKART,87896.6
HINDPETRO,87027.9
WAAREEENER,86585.9
NYKAA,86201.1
MEESHO,85628.9
SRF,80978.1
NTPCGREEN,80656.8
FEDERALBNK,79769.9
NHPC,79556.7
ATGL,79296.3
LAURUSLABS,78503.7
SUZLON,78348.5
YESBANK,77839.2
AUBANK,77739.5
PERSISTENT,75717.4
DABUR,75135.8
LTF,74839.5
NMDC,74501.9
POLICYBZR,74471.9
HAVELLS,73941.0
BHARTIHEXA,73725.0
DIXON,73144.7
BAJAJHFL,73092.3
NAM-INDIA,72879.7
MCX,72129.3
FORTIS,71985.3
PAYTM,71890.6
INDUSINDBK,71477.6
TORNTPOWER,71236.8
ICICIPRULI,71197.3
SAIL,70338.7
JSWINFRA,68914.6
IDFCFIRSTB,68392.4
MAHABANK,68293.3
PHOENIXLTD,68159.1
BIOCON,67371.5
PRESTIGE,67107.8
IOB,66339.0
COFORGE,66067.2
OIL,66032.1
BANKINDIA,65831.6
UNOMINDA,65658.0
SCHAEFFLER,64881.6
ALKEM,64864.0
APARINDS,64523.8
OBEROIRLTY,63994.0
NAUKRI,63478.3
GICRE,63351.4
BERGEPAINT,62771.8
SWIGGY,62636.5
HDBFS,61469.2
NATIONALUM,61159.8
GLENMARK,60673.2
LINDEINDIA,59878.1
SBICARD,59437.8
TIINDIA,59231.9
COROMANDEL,58899.3
RBLBANK,57861.9
FACT,57524.7
JSL,57190.4
MOTILALOFS,57083.5
TATACOMM,56846.6
GODREJPROP,55729.8
MFSL,55604.0
MRF,55086.1
THERMAX,54578.3
ABBOTINDIA,54504.5
VMM,54503.2
COLPAL,54127.9
RADICO,51262.2
SUNDARMFIN,50968.0
KEI,50295.5
RVNL,50182.3
APLAPOLLO,49975.7
BDL,49889.2
UPL,49787.2
PIRAMALFIN,47924.3
HINDCOPPER,47384.2
PREMIERENE,47169.5
M&MFIN,45861.9
PAGEIND,45703.0
AIAENG,45237.0
PATANJALI,44613.9
NLCINDIA,44310.0
360ONE,44239.2
AIIL,43777.6
SUPREMEIND,43509.0
MPHASIS,43218.2
BALKRISIND,43216.1
VOLTAS,43120.9
JKCEMENT,42922.5
ANTHEM,42768.9
FLUOROCHEM,42621.8
PETRONET,42300.0
CPPLUS,41996.0
HUDCO,41637.5
IRCTC,41120.0
IPCALAB,41097.5
KPRMILL,41095.9
PIIND,40654.9
GLAXO,40081.5
ASTRAL,40028.9
AEGISLOG,39908.7
AJANTPHARM,39867.0
ASTERDM,39752.6
NH,39643.1
NAVINFLUOR,39490.2
GODREJIND,39406.2
KALYANKJIL,38856.9
SONACOMS,38528.8
POONAWALLA,38485.6
WELCORP,38474.4
COCHINSHIP,38296.7
ATHERENERG,38254.6
GLAND,38155.2
ENDURANCE,38007.1
3MINDIA,37721.1
ITCHOTELS,36241.7
KIRLOSENG,35981.5
EMCURE,35754.7
CONCOR,35742.7
JBCHEPHARM,35708.3
IREDA,35680.0
MEDANTA,35336.5
PWL,35317.2
LTTS,35310.2
UBL,35165.9
GODFRYPHLP,34911.8
HONAUT,34867.4
DELHIVERY,34813.9
HSCL,34238.2
TATAINVEST,34197.4
UCOBANK,34082.5
STARHEALTH,33830.3
BLUESTARCO,33624.7
ABSLAMC,33183.2
EXIDEIND,33150.0
HFCL,32900.7
BANDHANBNK,32567.9
ESCORTS,32425.1
GUJGASLTD,32359.6
SCHNEIDER,32252.7
DALBHARAT,32238.7
ANANDRATHI,32177.1
NUVAMA,32125.1
WOCKPHARMA,31929.7
KIMS,31771.0
GRSE,31158.1
CHOLAHLDNG,31092.2
ANGELONE,30642.9
NIACL,30352.9
LICHSGFIN,30292.0
HEXT,30241.3
TATATECH,30210.3
STLTECH,29941.8
MANAPPURAM,29936.6
CRISIL,29910.2
ZFCVINDIA,29691.9
PGHH,29175.7
CENTRALBK,29163.6
ITI,29005.9
GODIGIT,28930.2
NBCC,28890.0
IKS,28534.0
SJVN,28365.3
LALPATHLAB,28235.9
NETWEB,28197.0
RRKABEL,28162.1
METROBRAND,28075.0
KARURVYSYA,28031.9
JUBLFOOD,27872.2
SYRMA,27660.9
CDSL,27525.3
TIMKEN,27507.5
TVSHLTD,27315.4
APOLLOTYRE,27239.0
MSUMI,27209.7
PNBHOUSING,27208.2
ACUTAAS,26976.5
AMBER,26948.1
MRPL,26865.6
SHYAMMETL,26303.3
PTCIL,26139.5
AEGISVOPAK,25925.9
SAILIFE,25858.6
IRB,25532.9
ACMESOLAR,25278.2
DATAPATTNS,25215.2
GILLETTE,25115.1
TATAELXSI,25103.2
ACC,25079.0
CUPID,24607.3
MTARTECH,24546.2
GRINDWELL,24303.0
FORCEMOT,24243.0
CRAFTSMAN,24198.1
IGL,23825.2
KIOCL,23823.8
KPIL,23582.0
AWL,23513.1
EMMVEE,23366.6
CREDITACC,23339.0
RUBICON,23312.2
NEULANDLAB,23052.7
ASAHIINDIA,23017.4
HBLENGINE,22893.5
AADHARHFC,22649.7
REDINGTON,22281.4
CESC,22259.0
PPLPHARMA,22218.0
DEEPAKNTR,22068.4
BELRISE,21890.1
KAYNES,21860.0
SUMICHEM,21715.3
CARBORUNIV,21687.7
RAMCOCEM,21668.0
GABRIEL,21657.5
IIFL,21648.4
GESHIP,21415.1
TRITURBINE,21171.8
ASTRAZEN,21100.0
CEMPRO,20939.2
CGCL,20926.8
IFCI,20722.0
HATSUN,20427.1
EIHOTEL,20418.1
PFIZER,20403.5
AFFLE,20349.3
ERIS,20228.3
SUNTV,20220.5
KPITTECH,20101.3
CAMS,19881.2
DEEPAKFERT,19839.4
CUB,19825.7
ATUL,19752.5
SANSERA,19663.4
TDPOWERSYS,19606.7
SUNDRMFAST,19490.5
SAMMAANCAP,19470.2
KAJARIACER,19080.8
ELGIEQUIP,19029.6
CAPLIPOINT,19027.2
URBANCO,19005.4
TATACHEM,18979.3
GRANULES,18956.5
SAGILITY,18912.6
BAYERCROP,18829.4
CHAMBLFERT,18796.6
ANANTRAJ,18762.2
RATNAMANI,18574.4
GMDCLTD,18571.2
PINELABS,18518.3
OLAELEC,18372.9
SARDAEN,18359.1
VTL,18340.5
CASTROLIND,18328.4
CIEINDIA,17974.2
CROMPTON,17954.3
JSWCEMENT,17872.2
INDIACEM,17850.1
CHALET,17813.0
SHRIPISTON,17760.9
ONESOURCE,17678.4
TRAVELFOOD,17631.9
SYNGENE,17577.0
AETHER,17518.1
COHANCE,17484.7
PSB,17483.5
ABDL,17453.9
J&KBANK,17437.2
JYOTICNC,17420.6
THANGAMAYL,17359.3
GPIL,17292.9
EMAMILTD,17291.9
KANSAINER,17261.2
LMW,17146.2
NAVA,17142.6
GALLANTT,17140.6
BRIGADE,17136.6
FINCABLES,17083.3
INOXINDIA,17053.6
BBOX,17024.7
AARTIIND,16910.3
POLYMED,16744.1
FSL,16711.0
ZYDUSWELL,16703.3
CENTURYPLY,16663.0
JINDALSAW,16578.1
VEDPOWER,16471.6
CHENNPETRO,16454.7
JBMA,16434.0
ASTRAMICRO,16330.5
KSB,16255.3
NATCOPHARM,16207.7
PFOCUS,16206.9
THELEELA,16123.5
CHOICEIN,16106.7
DCMSHRIRAM,16066.9
FINEORG,16065.8
BIKAJI,16047.1
KIRLOSBROS,16040.6
FRACTAL,15992.8
ZENTEC,15953.9
CLEANMAX,15911.1
BASF,15807.9
MINDACORP,15789.2
NIVABUPA,15746.2
WELSPUNLIV,15723.1
PGEL,15597.2
TBOTEK,15569.1
IGIL,15559.9
CCL,15525.9
GRWRHITECH,15500.7
INOXWIND,15450.4
ARE&M,15282.6
JUBLPHARMA,15268.5
AGARWALEYE,15248.5
KFINTECH,15139.7
APLLTD,15114.7
VENTIVE,15063.4
SOBHA,15005.6
AEQUS,15000.1
ABREL,14786.5
FIVESTAR,14640.9
JSWDULUX,14572.9
SCI,14565.5
SKFINDUS,14559.5
BEML,14523.9
RAINBOW,14518.2
ARVIND,14468.7
USHAMART,14459.0
ANURAS,14453.0
MAHSCOOTER,14285.7
APOLLO,14276.9
HAPPYFORGE,14251.2
INGERRAND,14204.0
VINATIORGA,14160.6
ENGINERSIN,14156.7
PARADEEP,14129.5
VIJAYA,14086.6
CEATLTD,14038.8
KEC,14028.7
SPLPETRO,14000.6
ATLANTAELE,13902.9
DEVYANI,13885.4
PRIVISCL,13855.9
DOMS,13624.5
HONASA,13595.2
ALIVUS,13539.4
JSWHL,13470.2
TRIDENT,13452.3
CONCORDBIO,13441.1
LTFOODS,13369.2
VGUARD,13344.4
APTUS,13269.7
WABAG,13128.8
SHAILY,13108.6
AVANTIFEED,13093.2
AZAD,13088.8
SHADOWFAX,13039.8
TEGA,12997.1
VOGL,12922.8
CARTRADE,12909.1
ECLERX,12883.5
NSLNISP,12806.7
CANHLIFE,12761.7
TECHNOE,12674.3
EIDPARRY,12617.1
IRCON,12584.1
PCBL,12466.9
HOMEFIRST,12459.4
INDGN,12430.5
KIRLPNU,12388.5
OLECTRA,12369.6
PRUDENT,12359.9
PARKHOSPS,12353.2
JPPOWER,12254.0
GRAVITA,12200.2
LLOYDSENGG,12100.6
VISL,12075.3
JAINREC,12060.7
UTIAMC,12044.1
SEDEMAC,12013.6
JMFINANCIL,12009.8
TITAGARH,11998.1
SOUTHBANK,11899.1
ABLBL,11840.3
AAVAS,11838.5
BLUEDART,11835.7
GRAPHITE,11817.3
CANFINHOME,11797.5
ELECON,11793.3
INDIAMART,11786.0
SWANDEF,11742.9
AFCONS,11739.7
ACE,11725.9
AVALON,11718.8
MARKSANS,11691.6
VIYASH,11684.1
MGL,11647.9
TMB,11599.2
EDELWEISS,11576.1
JKTYRE,11452.3
METROPOLIS,11298.6
JWL,11244.1
BALRAMCHIN,11239.4
SHILPAMED,11179.5
LLOYDSENT,11145.4
AMAGI,11118.7
IEX,11116.3
NAZARA,11115.8
SIGMAADV,11015.0
TEJASNET,11004.5
NUVOCO,10925.4
UJJIVANSFB,10914.8
DIACABS,10882.0
GODREJAGRO,10829.9
FINPIPE,10826.7
BBTC,10800.7
TI,10781.6
FIRSTCRY,10780.3
SIGNATURE,10706.2
IIFLCAPS,10696.5
ZEEL,10647.4
WAAREERTL,10643.3
BLS,10642.0
SANOFICONR,10632.3
LUMAXTECH,10550.8
VOLTAMP,10469.2
INTELLECT,10407.7
PGHL,10358.0
RELAXO,10355.8
BLACKBUCK,10290.8
RPOWER,10289.8
MMTC,10282.5
RKFORGE,10236.3
WHIRLPOOL,10217.1
ZENSARTECH,10090.5
MEDPLUS,10075.2
SANDUMA,10072.1
SBFC,10053.4
RAILTEL,10048.6
MANYAVAR,10041.0
HEG,10034.8
KTKBANK,10027.5
RITES,10013.9
TARIL,9995.5
RATEGAIN,9995.3
SWANCORP,9942.9
PARAS,9928.4
STAR,9909.5
JUBLINGREA,9802.9
CYIENT,9779.5
QPOWER,9719.2
NCC,9647.5
PVRINOX,9643.2
PGIL,9542.1
VESUVIUS,9498.6
UTLSOLAR,9484.8
LEMONTREE,9438.8
BANCOINDIA,9422.6
MANORAMA,9421.4
RELIGARE,9417.7
VARROC,9336.0
AKUMS,9302.5
SAREGAMA,9218.9
GENUSPOWER,9217.7
ALKYLAMINE,9180.2
ASKAUTOLTD,9173.0
BATAINDIA,9170.4
SUDEEPPHRM,9165.8
JLHL,9120.2
GRINFRA,9114.8
BLUEJET,9106.9
TIMETECHNO,9041.9
TRIVENI,9012.8
HCG,8985.8
ESABINDIA,8881.8
EMBDL,8844.8
EUREKAFORB,8841.3
KRBL,8835.1
POWERMECH,8765.3
TSFINV,8739.4
WEWORK,8663.3
BORORENEW,8656.9
EQUITASBNK,8622.5
E2E,8544.2
AVL,8529.6
STARCEMENT,8495.9
ORKLAINDIA,8493.3
MAHSEAMLES,8464.7
ICIL,8456.9
BSOFT,8436.3
INDIASHLTR,8381.8
CELLO,8371.5
TTML,8345.6
POWERICA,8340.4
JAYNECOIND,8335.0
IXIGO,8332.5
ELANTAS,8324.1
PCJEWELLER,8321.9
CLEAN,8276.8
HMT,8248.0
SKFINDIA,8192.4
TIPSMUSIC,8180.6
KWIL,8176.6
BLUESTONE,8168.7
THYROCARE,8165.0
CERA,8154.8
INOXGREEN,8070.0
YATHARTH,8060.0
V2RETAIL,8056.7
GNFC,8037.7
KIRLFER,7956.8
SFL,7950.0
SHARDACROP,7939.4
KPIGREEN,7876.2
SONATSOFTW,7861.0
SHREEJISPG,7852.7
TTKPRESTIG,7833.6
KRN,7828.8
SAFARI,7809.9
GMRP&UI,7802.4
WELENT,7793.7
RHIM,7743.8
SKYGOLD,7728.2
BIRLACORPN,7721.7
MIDHANI,7718.4
MAHLIFE,7701.7
PRECWIRE,7700.8
SANOFI,7694.5
NESCO,7680.1
REDTAPE,7562.4
SUPRIYA,7557.3
BAJAJCON,7549.7
WESTLIFE,7528.0
JSLL,7482.9
GPPL,7439.1
JKLAKSHMI,7411.4
DBL,7398.5
EPL,7382.8
JYOTHYLAB,7377.3
LOTUSDEV,7374.8
SGMART,7373.1
RCF,7312.6
ABFRL,7295.8
GAEL,7288.3
SPARC,7285.5
CAMPUS,7244.0
MAXESTATES,7243.7
PNGJL,7219.7
AXISCADES,7196.2
SHAKTIPUMP,7173.1
IMFA,7170.5
TCI,7144.8
GALAXYSURF,7126.1
PRICOLLTD,7105.7
SUDARSCHEM,7064.4
SUVEN,7060.5
GARFIBRES,7060.0
HCC,7017.6
DYNAMATECH,6922.5
KINGFA,6920.7
TRANSRAILL,6867.2
TANLA,6866.4
SJS,6843.0
HNDFDS,6773.0
GREENLAM,6758.9
ISGEC,6750.0
VIKRAMSOLR,6739.4
DODLA,6714.5
NEWGEN,6684.6
NEPHROPLUS,6672.7
GVPIL,6664.9
CEIGALL,6654.6
FDC,6639.4
KENNAMET,6617.6
KOVAI,6551.7
ETHOSLTD,6534.2
GSFC,6527.1
GOKULAGRO,6452.1
BALAMINES,6447.8
EBGNG,6441.7
ACI,6432.8
SUPRAJIT,6429.6
PRAJIND,6403.1
ASHAPURMIN,6399.3
INDIAGLYCO,6377.6
AARTIPHARM,6338.5
ALOKINDS,6325.7
GANESHHOU,6324.9
KALPATARU,6321.6
GOKEX,6272.2
ARVINDFASN,6268.4
RAIN,6248.0
SUNFLAG,6235.6
JAIBALAJI,6221.6
JKPAPER,6183.0
SIS,6174.8
AEROFLEX,6166.6
LATENTVIEW,6162.2
DBREALTY,6142.8
AJAXENGG,6105.9
SAATVIKGL,6101.0
OMNI,6043.6
VMART,6020.2
SKIPPER,6012.1
DCBBANK,5975.8
PRSMJOHNSN,5933.1
PNCINFRA,5926.1
SMLMAH,5888.5
FIEMIND,5874.5
SENORES,5850.6
TIIL,5795.2
UNIMECH,5758.0
TVSSCS,5753.0
SWSOLAR,5744.6
IBULLSLTD,5741.9
SAPPHIRE,5741.8
KSHINTL,5738.9
AHLUCONT,5700.0
MOIL,5687.4
SURYAROSNI,5679.7
MASFIN,5669.5
RBA,5631.1
SMARTWORKS,5609.1
NIRLON,5587.3
BECTORFOOD,5587.2
CCAVENUE,5587.0
PICCADIL,5568.7
FEDFINA,5555.0
STYLAMIND,5528.5
KMEW,5499.7
CSBBANK,5491.1
SUBROS,5446.9
PAISALO,5397.1
PTC,5383.2
INNOVACAP,5379.1
RPEL,5372.9
GULFOILLUB,5372.6
SENCO,5324.8
CENTUM,5269.9
THOMASCOOK,5245.0
JAMNAAUTO,5235.0
BALUFORGE,5229.8
GOLDIAM,5228.1
BLISSGVS,5211.6
IFBIND,5180.3
RESPONIND,5169.5
SHILCTECH,5165.1
ICRA,5162.5
TIMEX,5147.9
ITDC,5146.2
NEOGEN,5145.0
HAPPSTMNDS,5139.0
ENTERO,5135.7
RPTECH,5133.6
LGBBROSLTD,5112.4
PDSL,5103.2
REFEX,5064.9
MBAPL,5038.5
PURVA,5028.8
STYL,5016.0
NETWORK18,5008.8
GREAVESCOT,4979.3
CARERATING,4966.0
CRAMC,4945.2
LUMAXIND,4945.0
BANSALWIRE,4931.5
AURIONPRO,4930.6
OSWALPUMPS,4917.0
IONEXCHANG,4892.6
RTNPOWER,4881.4
ORCHPHARMA,4874.1
MASTEK,4870.5
PILANIINVS,4862.9
ELECTCAST,4852.7
INDIGOPNTS,4833.6
RUSTOMJEE,4825.4
MHRIL,4823.1
RAYMONDLSL,4814.6
SWARAJENG,4808.4
NACLIND,4799.6
FCL,4786.1
EPIGRAL,4765.4
RENUKA,4763.6
SHARDAMOTR,4760.2
DHANUKA,4738.7
DATAMATICS,4716.1
JSFB,4708.7
KSCL,4706.0
SYMPHONY,4703.0
RTNINDIA,4681.2
GOODLUCK,4680.0
SUNTECK,4673.2
MIDWESTLTD,4672.0
DEEDEV,4661.4
NORTHARC,4657.3
CMSINFO,4654.6
KISSHT,4648.4
ANUP,4645.3
AGIIL,4637.4
GUJALKALI,4604.5
VADILALIND,4583.7
MAPMYINDIA,4579.1
JUSTDIAL,4571.4
EMIL,4563.9
AVANTEL,4554.8
MSTCLTD,4552.1
KRISHANA,4481.9
TEXRAIL,4459.2
VIPIND,4446.2
AGI,4438.2
RALLIS,4432.9
VSTIND,4421.7
WEBELSOLAR,4400.2
JUNIPER,4378.8
SBCL,4356.3
PACEDIGITK,4317.0
LXCHEM,4316.2
BAJAJHIND,4274.7
GUJTHEM,4260.6
MANINDS,4254.5
BANARISUG,4251.0
UNIVCABLES,4246.7
ZOTA,4211.4
MANINFRA,4200.1
OPTIEMUS,4186.1
NRBBEARING,4186.1
VRLLOG,4173.1
RAYMONDREL,4143.5
INDOSTAR,4139.0
KIRLOSIND,4125.0
VISHNU,4124.7
SANDHAR,4117.9
WHEELS,4104.7
AYE,4080.7
STYRENIX,4074.1
CAPILLARY,4033.2
ROLEXRINGS,4030.5
POCL,4027.5
SAMHI,4020.6
WAKEFIT,4008.8
TRUALT,3981.1
PREMEXPLN,3980.0
MOSCHIP,3978.5
HEMIPROP,3966.9
PSPPROJECT,3944.4
RAYMOND,3930.2
GHCL,3927.8
IOLCP,3921.8
FOSECOIND,3915.3
SHOPERSTOP,3909.4
VAIBHAVGBL,3902.8
KDDL,3897.6
ADVENZYMES,3884.5
VSTTILLERS,3879.1
ASHIANA,3874.2
SGFIN,3868.0
HIRECT,3856.6
SINDHUTRAD,3851.7
JKIL,3815.8
EIEL,3798.5
GREENPLY,3797.0
HARSHA,3794.7
SEAMECLTD,3793.4
SANATHAN,3785.1
KNRCON,3782.3
RAMRAT,3780.6
ELLEN,3778.5
ORIENTELEC,3772.7
RPGLIFE,3762.6
QUESS,3746.1
JTEKTINDIA,3744.9
HGINFRA,3727.8
BAJAJELEC,3723.7
NFL,3703.4
CYIENTDLM,3696.4
BOSCH-HCIL,3689.8
ASHOKA,3685.9
LUXIND,3663.6
MAHLOG,3651.4
BHAGCHEM,3650.2
TARC,3644.4
SOTL,3633.7
GMMPFAUDLR,3631.6
SSWL,3621.1
TFCILTD,3611.7
PITTIENG,3610.1
GUFICBIO,3596.6
EMUDHRA,3595.6
INDIQUBE,3582.8
KSL,3579.3
IDEAFORGE,3575.9
SANGHVIMOV,3564.8
DBCORP,3562.4
MARINE,3559.4
NOVARTIND,3533.3
SMSPHARMA,3533.0
MUTHOOTMF,3531.5
INDRAMEDCO,3529.4
HEIDELBERG,3512.8
ROSSTECH,3511.6
VENUSPIPES,3501.0
CRIZAC,3497.0
YASHO,3495.9
GOPAL,3484.4
KERNEX,3436.3
AARTIDRUGS,3408.9
ARSSBL,3403.4
PANACEABIO,3399.4
MAYURUNIQ,3398.6
JASH,3398.1
SASKEN,3394.2
SHANTIGEAR,3376.6
CARYSIL,3352.2
POKARNA,3333.9
GRAUWEIL,3332.6
NPST,3319.4
ROUTE,3309.2
ADFFOODS,3284.9
KOLTEPATIL,3273.2
WSTCSTPAPR,3273.1
SAMBHV,3263.5
KITEX,3237.9
PATELENG,3237.6
INTERARCH,3236.8
CHEMPLASTS,3219.1
RELTD,3206.4
TVSSRICHAK,3181.5
BBL,3180.6
CARRARO,3177.4
INDOTECH,3170.1
XPROINDIA,3156.8
WONDERLA,3152.1
FUSION,3134.1
NAVNETEDUL,3130.2
HERITGFOOD,3126.3
KKCL,3121.9
NIITMTS,3115.3
PRINCEPIPE,3104.0
63MOONS,3098.8
MPSLTD,3092.9
POLYPLEX,3092.2
JUBLCPL,3091.1
JINDWORLD,3085.0
WINDMACHIN,3082.3
NITINSPIN,3070.2
UFLEX,3063.9
BALMLAWRIE,3059.4
JTLIND,3057.0
NOCIL,3051.7
UNICHEMLAB,3045.8
DEEPINDS,3016.0
STEELCAS,2989.4
HUBTOWN,2977.2
PARAGMILK,2974.2
DREDGECORP,2967.7
RSYSTEMS,2965.0
MAITHANALL,2960.4
INDOTHAI,2959.8
SHAREINDIA,2957.4
GKENERGY,2953.0
GATEWAY,2946.9
UNIPARTS,2945.3
RPSGVENT,2943.9
ROSSARI,2942.7
SUNCLAY,2932.1
SIYSIL,2930.7
ELPROINTL,2915.0
MOREPENLAB,2904.7
RAMCOIND,2886.2
RML,2874.3
RAJESHEXPO,2864.6
JINDALPOLY,2833.9
ANTELOPUS,2830.6
NSIL,2828.0
BOROLTD,2824.3
EUROPRATIK,2818.7
DDEVPLSTIK,2805.3
FLAIR,2803.0
RAMKY,2802.5
SPECTRUM,2800.4
ARVSMART,2779.5
IMAGICAA,2776.7
ZAGGLE,2768.6
ORIENTCEM,2765.1
SOLARA,2749.5
TATVA,2748.6
SPAL,2740.6
TCPLPACK,2739.7
EFCIL,2732.6
VSSL,2721.2
DIAMONDYD,2718.6
MEDIASSIST,2716.9
BOMDYEING,2715.9
MARATHON,2706.9
AUTOAXLES,2702.0
UFBL,2700.3
RAMCOSYS,2687.3
DCAL,2676.3
APCOTEXIND,2664.3
VIMTALABS,2663.0
JNKINDIA,2662.0
MONARCH,2660.8
HLEGLAS,2660.1
EVEREADY,2659.6
SANGAMIND,2643.0
STOVEKRAFT,2641.3
HIKAL,2638.6
EASEMYTRIP,2633.1
DALMIASUG,2619.2
REPCOHOME,2615.1
CAMLINFINE,2611.9
DIVGIITTS,2610.3
PARKHOTELS,2609.6
VENUSREM,2605.7
NITCO,2598.8
SAIPARENT,2597.7
JISLJALEQS,2596.6
UTKARSHBNK,2592.8
AJMERA,2570.2
NIBE,2568.5
PRAKASH,2560.9
VINDHYATEL,2545.6
SATIN,2538.0
MANGLMCEM,2535.7
MUFIN,2526.8
GLOBUSSPR,2525.9
FMGOETZE,2525.7
SUNDROP,2525.5
ORIENTHOT,2518.2
KIRIINDUS,2516.1
ADVAIT,2498.3
BUILDPRO,2497.9
VEEDOL,2492.1
INA,2491.1
TALBROAUTO,2491.0
GIPCL,2476.5
BEPL,2451.8
PANAMAPET,2447.6
FISCHER,2437.4
EPACKPEB,2432.2
TEAMLEASE,2430.8
PROTEAN,2425.7
PIXTRANS,2419.8
BRIGHOTEL,2412.4
GREENPANEL,2385.1
CONFIPET,2383.5
ORISSAMINE,2376.0
GANECOS,2370.9
MSPL,2370.3
SPANDANA,2366.7
KPEL,2366.2
HPL,2353.4
ALEMBICLTD,2348.3
KICL,2344.2
BFUTILITIE,2339.2
SAGCEM,2336.4
FILATEX,2333.1
RANEHOLDIN,2332.0
SILVERTUC,2327.0
SIRCA,2318.3
EMSLIMITED,2317.9
JAYKAY,2311.9
MOLDTKPAC,2309.4
BGRENERGY,2295.5
ARKADE,2291.1
SPORTKING,2270.5
BHARATRAS,2270.4
BAJEL,2266.5
SANSTAR,2259.8
PRABHA,2257.1
VERANDA,2254.0
CAPACITE,2247.1
EPACK,2242.1
GEOJITFSL,2231.6
MMFL,2230.6
SERVOTECH,2224.3
HONDAPOWER,2218.3
KCP,2211.6
RISHABH,2209.5
RAJRATAN,2208.5
EXICOM,2191.9
VINCOFE,2191.2
PENIND,2187.5
DPABHUSHAN,2180.1
TASTYBITE,2178.5
AWFIS,2175.5
INDNIPPON,2162.6
ADOR,2138.8
PARACABLES,2136.5
INDOCO,2129.2
DCXINDIA,2127.5
GMBREW,2122.5
GOCOLORS,2119.6
APOLLOPIPE,2119.1
STALLION,2115.7
HINDOILEXP,2114.6
SOMANYCERA,2108.1
RHETAN,2101.4
HINDWAREAP,2098.7
BETA,2089.4
STYLEBAAZA,2088.5
SCILAL,2086.8
VIDYAWIRES,2086.5
COSMOFIRST,2084.6
SHRINGARMS,2082.9
TAJGVK,2081.7
BLSE,2056.5
HATHWAY,2053.3
SAKSOFT,2048.4
JAICORPLTD,2033.9
TCIEXP,2028.5
GOCLCORP,2027.5
VENKEYS,2015.9
LAOPALA,2008.0
CANTABIL,2007.3
SIMPLEXINF,2001.1
NUCLEUS,1996.5
BCG,1988.2
SBC,1977.1
PFS,1976.9
THEJO,1968.5
NELCO,1964.2
TIRUMALCHM,1953.0
HGS,1952.9
EIHAHOTELS,1952.4
NDRAUTO,1946.6
GRMOVER,1928.9
MARSONS,1922.2
MUKANDLTD,1921.8
GSPCROP,1921.0
CEINSYS,1915.7
HESTERBIO,1911.5
KRISHNADEF,1908.3
INSECTICID,1905.9
NILKAMAL,1901.5
MTNL,1895.7
STUDDS,1891.1
IPL,1878.5
WALCHANNAG,1870.2
GNA,1867.5
SHK,1854.8
DLINKINDIA,1845.4
SHALBY,1840.7
HITECH,1824.4
SURYODAY,1822.9
GTLINFRA,1818.9
RICOAUTO,1815.8
VIKRAN,1813.9
JAYBARMARU,1813.2
DYCL,1809.9
NGLFINE,1807.2
ASIANENE,1797.9
QUADFUTURE,1793.4
LANDMARK,1792.1
UEL,1785.1
JISLDVREQS,1783.2
WINDLAS,1780.9
SAKAR,1777.9
DSSL,1759.0
ARMANFIN,1754.0
KRSNAA,1753.8
GOODYEAR,1753.1
INDIANHUME,1751.1
INDSWFTLAB,1747.9
GANDHAR,1730.0
ASALCBR,1726.8
MBEL,1725.9
DELTACORP,1723.1
YATRA,1719.5
BFINVEST,1718.6
ESAFSFB,1679.4
WAAREEINDO,1668.3
SPMLINFRA,1667.9
GARUDA,1665.6
SUMEETINDS,1665.2
SUMMITSEC,1660.1
NAVKARCORP,1659.5
5PAISA,1658.8
TINNARUBR,1657.4
GPTINFRA,1646.5
TIL,1643.9
AURUM,1643.1
ACCELYA,1642.8
PNBGILTS,1637.9
JGCHEM,1629.9
KALAMANDIR,1622.3
ASTEC,1616.6
BLUSPRING,1610.2
MOTISONS,1609.6
ALGOQUANT,1609.6
ASIANTILES,1608.7
JINDRILL,1602.5
SHANTIGOLD,1593.3
MCLOUD,1592.8
SOLARWORLD,1587.0
RACLGEAR,1582.7
STEELXIND,1577.8
MOBIKWIK,1569.0
AEROENTER,1559.4
ONIDA,1553.7
AMRUTANJAN,1549.0
ALLTIME,1539.4
INFOBEAN,1530.9
SMCGLOBAL,1525.5
FAZE3Q,1516.9
SHRIRAMPPS,1516.3
IZMO,1514.1
ONEPOINT,1509.4
UGROCAP,1508.3
WENDT,1504.2
IVALUE,1502.1
IGARASHI,1493.5
DEN,1492.3
ARFIN,1484.8
HUHTAMAKI,1484.6
DOLPHIN,1484.2
DOLLAR,1482.8
JAGSNPHARM,1468.1
SKMEGGPROD,1465.8
NINSYS,1458.2
SDBL,1457.2
DIFFNKG,1442.4
GODAVARIB,1442.1
ELECTHERM,1441.2
PRECAM,1429.5
DCW,1424.1
OMAXE,1415.2
JAGRAN,1415.0
SESHAPAPER,1412.0
SURAKSHA,1411.4
SPIC,1409.0
CLSEL,1408.2
TEXINFRA,1406.8
JYOTISTRUC,1399.0
GALAPREC,1397.0
BHARATWIRE,1394.1
IGPL,1388.8
VIDHIING,1388.7
TARSONS,1385.5
BOROSCI,1385.2
ROTO,1382.8
NIITLTD,1373.5
PASHUPATI,1368.8
IMPAL,1366.6
GENESYS,1361.7
IFGLEXPOR,1340.7
EKC,1339.8
AWHCL,1334.5
STLNETWORK,1333.4
RUPA,1328.4
SIGNPOST,1323.2
RAJRILTD,1313.7
WEL,1313.3
SULA,1306.8
MAHASTEEL,1306.5
SYNCOMF,1305.7
ATULAUTO,1300.3
DIGITIDE,1289.7
SHREEPUSHK,1287.4
EXPLEOSOL,1286.6
SEPC,1286.0
RATNAVEER,1285.7
TTKHLTCARE,1285.2
DOLATALGO,1280.4
CAPITALSFB,1278.7
ANDHRAPAP,1271.6
GREENPOWER,1269.2
APEX,1269.1
UNITECH,1268.9
DHANBANK,1265.0
LINCOLN,1261.9
MOL,1260.6
PUNJABCHEM,1259.0
PLATIND,1257.6
AYMSYNTEX,1256.9
BHAGYANGR,1254.7
ASIANHOTNR,1254.1
RIIL,1253.5
HARIOMPIPE,1244.9
TBZ,1241.2
LAXMIDENTL,1238.3
PNGSREVA,1236.2
UDS,1233.9
PAUSHAKLTD,1232.8
BLKASHYAP,1232.3
KROSS,1228.3
RGL,1225.1
FINOPB,1223.4
ALLDIGI,1220.7
ALLCARGO,1220.7
INDOBORAX,1218.1
IKIO,1212.4
ICEMAKE,1207.9
HITECHGEAR,1207.2
HARDWYN,1205.9
GPTHEALTH,1204.6
INDORAMA,1195.9
GULPOLY,1182.1
BUTTERFLY,1180.1
BHARATSE,1172.7
SOLEX,1172.1
MONTECARLO,1156.8
NELCAST,1156.0
JPOLYINVST,1152.3
SRM,1152.0
MACPOWER,1150.6
SALZERELEC,1145.8
VHL,1143.4
ORIENTTECH,1139.7
JARO,1137.6
EXCELINDUS,1134.4
HIMATSEIDE,1131.1
LGHL,1127.1
CENTENKA,1126.9
SHREDIGCEM,1126.8
RUBYMILLS,1119.2
KAPSTON,1116.7
MANAKCOAT,1115.0
MADRASFERT,1111.0
CREST,1108.1
MWL,1104.9
HMAAGRO,1101.7
MANALIPETC,1100.8
ARIHANTSUP,1099.4
STEL,1098.5
JINDALPHOT,1097.9
CNL,1096.2
IRMENERGY,1092.2
OAL,1090.5
ANDHRSUGAR,1085.0
SALASAR,1083.7
BALAJITELE,1075.2
GKWLIMITED,1066.8
RSL,1065.5
AVTNPL,1062.9
THEMISMED,1058.9
DAMCAPITAL,1058.9
AMNPLST,1058.3
WEALTH,1054.8
BIL,1047.5
MODISONLTD,1045.7
CENTRUM,1042.0
ALICON,1041.5
KRISHIVAL,1040.5
GANDHITUBE,1037.8
BIRLANU,1036.9
WCIL,1035.9
MAFATIND,1034.8
HEALTHX,1033.8
BAJAJHCARE,1029.4
LIKHITHA,1026.1
AFSL,1022.8
CONTROLPR,1017.2
YUKEN,1014.9
GAYAPROJ,1014.0
GRPLTD,1013.3
MAMATA,1010.6
GKSL,1009.2
PRIMESECU,1008.0
BCLIND,1007.7
AQYLON,1003.5
INDOAMIN,1002.1
UNIECOM,1000.2
TNPL,1000.2
EIMCOELECO,995.0
CIFL,994.5
AMBIKCO,985.3
MICEL,978.0
ZUARI,975.1
RAJOOENG,972.7
GEMAROMA,966.4
SWELECTES,965.3
WANBURY,960.8
BHAGERIA,960.2
BSHSL,959.1
QUICKHEAL,957.7
SUYOG,951.4
SIGACHI,948.6
MUNJALAU,948.5
TVSELECT,944.8
ARIS,942.3
ESTER,937.8
MASTERTR,937.3
GCSL,932.7
SURAJEST,919.8
NDTV,919.5
ROHLTD,918.7
ARIHANT,917.9
FINKURVE,917.8
KOPRAN,917.4
RSWM,913.8
STERTOOLS,912.2
SGIL,911.5
NAHARSPING,906.7
DHARMAJ,901.9
MENONBE,901.1
AVADHSUGAR,894.8
GHCLTEXTIL,888.8
ORICONENT,888.7
VHLTD,888.5
PRECOT,888.0
ARROWGREEN,887.2
HEXATRADEX,885.6
KOKUYOCMLN,882.7
SADHNANIQ,880.5
SEJALLTD,879.2
DHAMPURSUG,878.4
DENTA,870.4
AHCL,870.1
NCLIND,869.8
UTTAMSUGAR,865.5
SCODATUBES,864.3
EXCELSOFT,863.1
MEIL,862.1
GICHSGFIN,861.6
SYSTMTXC,861.5
TNPETRO,851.1
TEMBO,850.8
KABRAEXTRU,849.8
VIVIANA,843.6
MAXIND,840.8
IFBAGRO,840.2
KRYSTAL,838.4
MATRIMONY,836.3
OMINFRAL,835.9
SRHHYPOLTD,834.2
SUDARCOLOR,833.0
RMDRIP,832.9
BODALCHEM,832.5
STANLEY,830.6
EIFFL,828.3
DECCANCE,827.3
VLSFINANCE,825.3
DVL,823.3
BAJAJINDEF,821.0
KELLTONTEC,820.5
PROSTARM,819.4
ASAL,819.4
SALSTEEL,817.9
SVLL,817.8
JITFINFRA,814.8
REGAAL,814.6
CCCL,809.1
AGARIND,808.8
VASCONEQ,807.2
FAIRCHEMOR,804.2
BORANA,802.0
ELDEHSG,800.4
GLOSTERLTD,798.9
PDMJEPAPER,798.6
VALIANTORG,798.3
ADVENTHTL,798.1
KAMDHENU,796.9
BIRLAMONEY,794.3
ECOSMOBLTY,792.0
GAUDIUMIVF,790.7
DWARKESH,787.7
SARLAPOLY,787.2
ANUHPHR,783.8
GANESHCP,777.9
STCINDIA,776.9
ZUARIIND,776.7
NRAIL,770.3
EMKAY,765.2
UNIENTER,765.0
ARIHANTCAP,764.5
BLAL,762.8
RAMASTEEL,760.8
RITCO,757.3
PVP,754.9
HERANBA,751.7
KECL,751.5
MAANALU,749.9
TVTODAY,748.8
ABINFRA,744.8
GANESHBE,741.5
DBOL,736.8
SANDESH,734.6
UNITEDPOLY,734.4
MUKKA,730.5
CONSOFINVT,730.4
DPSCLTD,729.4
EVERESTIND,729.2
KOTHARIPET,729.1
CEWATER,728.1
ADSL,722.6
GEECEE,715.7
MMP,714.3
PATELRMART,711.4
PROZONER,707.0
ATL,706.0
20MICRONS,704.4
ADVANCE,703.6
COFFEEDAY,703.5
BIGBLOC,700.9
CHEMCON,699.6
MVGJL,698.6
AHLWEST,695.1
FABTECH,694.3
SUPREMEINF,692.3
XCHANGING,690.7
INDOFARM,690.6
LINC,688.2
GTPL,684.9
IRISDOREME,682.5
INNOVISION,680.8
SOUTHWEST,680.1
ZIMLAB,680.1
KSOLVES,673.3
KUANTUM,671.5
RADHIKAJWE,670.2
VAKRANGEE,669.4
PANACHE,668.4
WELINV,665.4
MANBA,663.2
PREMIERPOL,662.0
PVSL,658.7
MINDTECK,658.1
MERCURYEV,657.5
MODIS,656.3
CHEVIOT,654.3
TREL,652.6
VISAKAIND,651.5
COMSYN,648.7
SUBEXLTD,648.1
KILITCH,646.8
SAURASHCEM,645.7
MAGADSUGAR,645.5
DMCC,643.5
ONWARDTEC,640.4
INNOVANA,637.4
JAYAGROGN,636.6
SNOWMAN,633.6
BIRLACABLE,633.0
OCCLLTD,632.1
PYRAMID,630.6
MALLCOM,630.2
PPL,629.2
AMANTA,629.0
SPECIALITY,627.1
MCLEODRUSS,626.4
HMVL,626.3
DCMSIL,622.9
SUTLEJTEX,622.1
NAHARPOLY,617.3
ORBTEXP,615.1
APTECHT,612.5
GLOTTIS,612.3
HINDCOMPOS,610.7
SOFTTECH,609.1
VISACHROME,607.8
ONMOBILE,607.1
CHEMBONDCH,605.2
PRIMO,602.9
AFIL,599.6
FOCUS,597.5
OSWALAGRO,588.4
DISHTV,583.7
OSWALGREEN,581.9
LOKESHMACH,579.8
TIRUPATIFL,579.6
KANORICHEM,578.1
NRL,573.3
KRONOX,571.4
MUFTI,570.9
SHREERAMA,565.9
TRANSPEK,562.9
PASUPTAC,562.0
TPLPLASTEH,561.6
NBIFIN,560.9
PTL,558.0
SATIA,557.1
SUKHJITS,556.1
URJA,555.0
BESTAGRO,551.2
SHIVAUM,550.8
IRIS,548.1
HITECHCORP,547.0
GLOBAL,544.4
SAYAJIHOTL,539.6
KHAICHEM,539.3
KAMATHOTEL,535.1
LAXMIINDIA,534.4
MODINATUR,532.2
MGEL,531.9
REPRO,530.8
KNAGRI,529.7
CHEMFAB,524.6
THEINVEST,521.4
SCHAND,520.6
INTLCONV,520.5
RBZJEWEL,519.9
PENINLAND,519.2
NAHARINDUS,518.4
DHUNINV,518.3
HLVLTD,517.5
TERASOFT,517.5
ZEEMEDIA,516.6
ENIL,515.4
MUNJALSHOW,514.9
DAVANGERE,514.8
KOTYARK,513.9
GFLLIMITED,512.8
HTMEDIA,512.4
RKSWAMY,512.3
CSLFINANCE,511.6
EMAMIPAP,511.5
WSI,509.5
RUSHIL,508.2
BMWVENTLTD,506.8
NILASPACES,506.5
SREEL,505.9
SCPL,505.3
